Company,Title,Experience,Location,Salary
Siemens Limited,Senior Software Developer (C#.net),0-5 Yrs,Bangalore/Bengaluru,Not disclosed
Pinnacle Finserv Advisors Pvt. Ltd.,Software Developer - Web Technologies,0-2 Yrs,Kanpur,"1,50,000 - 3,00,000 PA."
Dharani Info Technologies Pvt Ltd,Trainee Software Developer,0-1 Yrs,Guntur,"1,50,000 - 3,50,000 PA."
Psiborg Technologies Private Limited,Embedded Software Developer,0-2 Yrs,Noida,"2,50,000 - 4,50,000 PA."
Reliance Jio Infocomm Ltd.,Junior Software Developer,0-4 Yrs,Bangalore/Bengaluru,Not disclosed
Guru Daksha Consultancy and Services LLP,Team Lead Programming/ WEB Developer / Junior Software Developer,0-5 Yrs,Coimbatore,"2,50,000 - 7,00,000 PA."
Huquo Consulting Pvt. Ltd,Software Developer - Software Design Patterns,0-2 Yrs,Delhi,Not disclosed
"Qualcomm Technologies, Inc",Full stack Software Developer ,3-8 Yrs,Hyderabad/Secunderabad,Not disclosed
Magna Steyr,Software Developer,0-10 Yrs,Pune,Not disclosed
Infotech Financials Pvt. Ltd.,Vacancy For the post of Software Developer,0-2 Yrs,Mumbai (All Areas),"1,50,000 - 4,00,000 PA."
Bookyup.com Ltd,Urgent Vacancy For Software Developer,0-3 Yrs,Barrackpur,"1,50,000 - 3,00,000 PA."
Decisions BPM Services Pvt Ltd,Software Developer,0-3 Yrs,Mumbai,Not disclosed
ON Semiconductor Technology India Private Limited,"INTERN - Software Developer,Pan India",0-1 Yrs,Remote,Not disclosed
Unitres Business Solutions,Senior Software Engineer/Backend Developer- Microservices Architecture,4-9 Yrs,"Mumbai, Pune",Not disclosed
Siemens Limited,Senior Software Developer (C#.net),0-5 Yrs,Bangalore/Bengaluru,Not disclosed
Pinnacle Finserv Advisors Pvt. Ltd.,Software Developer - Web Technologies,0-2 Yrs,Kanpur,"1,50,000 - 3,00,000 PA."
Dharani Info Technologies Pvt Ltd,Trainee Software Developer,0-1 Yrs,Guntur,"1,50,000 - 3,50,000 PA."
Psiborg Technologies Private Limited,Embedded Software Developer,0-2 Yrs,Noida,"2,50,000 - 4,50,000 PA."
Reliance Jio Infocomm Ltd.,Junior Software Developer,0-4 Yrs,Bangalore/Bengaluru,Not disclosed
Guru Daksha Consultancy and Services LLP,Team Lead Programming/ WEB Developer / Junior Software Developer,0-5 Yrs,Coimbatore,"2,50,000 - 7,00,000 PA."
Huquo Consulting Pvt. Ltd,Software Developer - Software Design Patterns,0-2 Yrs,Delhi,Not disclosed
"Qualcomm Technologies, Inc",Full stack Software Developer ,3-8 Yrs,Hyderabad/Secunderabad,Not disclosed
Magna Steyr,Software Developer,0-10 Yrs,Pune,Not disclosed
Infotech Financials Pvt. Ltd.,Vacancy For the post of Software Developer,0-2 Yrs,Mumbai (All Areas),"1,50,000 - 4,00,000 PA."
Bookyup.com Ltd,Urgent Vacancy For Software Developer,0-3 Yrs,Barrackpur,"1,50,000 - 3,00,000 PA."
Decisions BPM Services Pvt Ltd,Software Developer,0-3 Yrs,Mumbai,Not disclosed
ON Semiconductor Technology India Private Limited,"INTERN - Software Developer,Pan India",0-1 Yrs,Remote,Not disclosed
Unitres Business Solutions,Senior Software Engineer/Backend Developer- Microservices Architecture,4-9 Yrs,"Mumbai, Pune",Not disclosed
Siemens Limited,Senior Software Developer (C#.net),0-5 Yrs,Bangalore/Bengaluru,Not disclosed
Pinnacle Finserv Advisors Pvt. Ltd.,Software Developer - Web Technologies,0-2 Yrs,Kanpur,"1,50,000 - 3,00,000 PA."
Dharani Info Technologies Pvt Ltd,Trainee Software Developer,0-1 Yrs,Guntur,"1,50,000 - 3,50,000 PA."
Psiborg Technologies Private Limited,Embedded Software Developer,0-2 Yrs,Noida,"2,50,000 - 4,50,000 PA."
Reliance Jio Infocomm Ltd.,Junior Software Developer,0-4 Yrs,Bangalore/Bengaluru,Not disclosed
Guru Daksha Consultancy and Services LLP,Team Lead Programming/ WEB Developer / Junior Software Developer,0-5 Yrs,Coimbatore,"2,50,000 - 7,00,000 PA."
Huquo Consulting Pvt. Ltd,Software Developer - Software Design Patterns,0-2 Yrs,Delhi,Not disclosed
"Qualcomm Technologies, Inc",Full stack Software Developer ,3-8 Yrs,Hyderabad/Secunderabad,Not disclosed
Magna Steyr,Software Developer,0-10 Yrs,Pune,Not disclosed
Infotech Financials Pvt. Ltd.,Vacancy For the post of Software Developer,0-2 Yrs,Mumbai (All Areas),"1,50,000 - 4,00,000 PA."
Bookyup.com Ltd,Urgent Vacancy For Software Developer,0-3 Yrs,Barrackpur,"1,50,000 - 3,00,000 PA."
Decisions BPM Services Pvt Ltd,Software Developer,0-3 Yrs,Mumbai,Not disclosed
ON Semiconductor Technology India Private Limited,"INTERN - Software Developer,Pan India",0-1 Yrs,Remote,Not disclosed
Unitres Business Solutions,Senior Software Engineer/Backend Developer- Microservices Architecture,4-9 Yrs,"Mumbai, Pune",Not disclosed
Siemens Limited,Senior Software Developer (C#.net),0-5 Yrs,Bangalore/Bengaluru,Not disclosed
Pinnacle Finserv Advisors Pvt. Ltd.,Software Developer - Web Technologies,0-2 Yrs,Kanpur,"1,50,000 - 3,00,000 PA."
Dharani Info Technologies Pvt Ltd,Trainee Software Developer,0-1 Yrs,Guntur,"1,50,000 - 3,50,000 PA."
Psiborg Technologies Private Limited,Embedded Software Developer,0-2 Yrs,Noida,"2,50,000 - 4,50,000 PA."
Reliance Jio Infocomm Ltd.,Junior Software Developer,0-4 Yrs,Bangalore/Bengaluru,Not disclosed
Guru Daksha Consultancy and Services LLP,Team Lead Programming/ WEB Developer / Junior Software Developer,0-5 Yrs,Coimbatore,"2,50,000 - 7,00,000 PA."
Huquo Consulting Pvt. Ltd,Software Developer - Software Design Patterns,0-2 Yrs,Delhi,Not disclosed
"Qualcomm Technologies, Inc",Full stack Software Developer ,3-8 Yrs,Hyderabad/Secunderabad,Not disclosed
Magna Steyr,Software Developer,0-10 Yrs,Pune,Not disclosed
Infotech Financials Pvt. Ltd.,Vacancy For the post of Software Developer,0-2 Yrs,Mumbai (All Areas),"1,50,000 - 4,00,000 PA."
Bookyup.com Ltd,Urgent Vacancy For Software Developer,0-3 Yrs,Barrackpur,"1,50,000 - 3,00,000 PA."
Decisions BPM Services Pvt Ltd,Software Developer,0-3 Yrs,Mumbai,Not disclosed
ON Semiconductor Technology India Private Limited,"INTERN - Software Developer,Pan India",0-1 Yrs,Remote,Not disclosed
Unitres Business Solutions,Senior Software Engineer/Backend Developer- Microservices Architecture,4-9 Yrs,"Mumbai, Pune",Not disclosed
Siemens Limited,Senior Software Developer (C#.net),0-5 Yrs,Bangalore/Bengaluru,Not disclosed
Pinnacle Finserv Advisors Pvt. Ltd.,Software Developer - Web Technologies,0-2 Yrs,Kanpur,"1,50,000 - 3,00,000 PA."
Dharani Info Technologies Pvt Ltd,Trainee Software Developer,0-1 Yrs,Guntur,"1,50,000 - 3,50,000 PA."
Psiborg Technologies Private Limited,Embedded Software Developer,0-2 Yrs,Noida,"2,50,000 - 4,50,000 PA."
Reliance Jio Infocomm Ltd.,Junior Software Developer,0-4 Yrs,Bangalore/Bengaluru,Not disclosed
Guru Daksha Consultancy and Services LLP,Team Lead Programming/ WEB Developer / Junior Software Developer,0-5 Yrs,Coimbatore,"2,50,000 - 7,00,000 PA."
Huquo Consulting Pvt. Ltd,Software Developer - Software Design Patterns,0-2 Yrs,Delhi,Not disclosed
"Qualcomm Technologies, Inc",Full stack Software Developer ,3-8 Yrs,Hyderabad/Secunderabad,Not disclosed
Magna Steyr,Software Developer,0-10 Yrs,Pune,Not disclosed
Infotech Financials Pvt. Ltd.,Vacancy For the post of Software Developer,0-2 Yrs,Mumbai (All Areas),"1,50,000 - 4,00,000 PA."
Bookyup.com Ltd,Urgent Vacancy For Software Developer,0-3 Yrs,Barrackpur,"1,50,000 - 3,00,000 PA."
Decisions BPM Services Pvt Ltd,Software Developer,0-3 Yrs,Mumbai,Not disclosed
ON Semiconductor Technology India Private Limited,"INTERN - Software Developer,Pan India",0-1 Yrs,Remote,Not disclosed
Unitres Business Solutions,Senior Software Engineer/Backend Developer- Microservices Architecture,4-9 Yrs,"Mumbai, Pune",Not disclosed
Siemens Limited,Senior Software Developer (C#.net),0-5 Yrs,Bangalore/Bengaluru,Not disclosed
Pinnacle Finserv Advisors Pvt. Ltd.,Software Developer - Web Technologies,0-2 Yrs,Kanpur,"1,50,000 - 3,00,000 PA."
Dharani Info Technologies Pvt Ltd,Trainee Software Developer,0-1 Yrs,Guntur,"1,50,000 - 3,50,000 PA."
Psiborg Technologies Private Limited,Embedded Software Developer,0-2 Yrs,Noida,"2,50,000 - 4,50,000 PA."
Reliance Jio Infocomm Ltd.,Junior Software Developer,0-4 Yrs,Bangalore/Bengaluru,Not disclosed
Guru Daksha Consultancy and Services LLP,Team Lead Programming/ WEB Developer / Junior Software Developer,0-5 Yrs,Coimbatore,"2,50,000 - 7,00,000 PA."
Huquo Consulting Pvt. Ltd,Software Developer - Software Design Patterns,0-2 Yrs,Delhi,Not disclosed
"Qualcomm Technologies, Inc",Full stack Software Developer ,3-8 Yrs,Hyderabad/Secunderabad,Not disclosed
Magna Steyr,Software Developer,0-10 Yrs,Pune,Not disclosed
Infotech Financials Pvt. Ltd.,Vacancy For the post of Software Developer,0-2 Yrs,Mumbai (All Areas),"1,50,000 - 4,00,000 PA."
Bookyup.com Ltd,Urgent Vacancy For Software Developer,0-3 Yrs,Barrackpur,"1,50,000 - 3,00,000 PA."
Decisions BPM Services Pvt Ltd,Software Developer,0-3 Yrs,Mumbai,Not disclosed
ON Semiconductor Technology India Private Limited,"INTERN - Software Developer,Pan India",0-1 Yrs,Remote,Not disclosed
Unitres Business Solutions,Senior Software Engineer/Backend Developer- Microservices Architecture,4-9 Yrs,"Mumbai, Pune",Not disclosed
Siemens Limited,Senior Software Developer (C#.net),0-5 Yrs,Bangalore/Bengaluru,Not disclosed
Pinnacle Finserv Advisors Pvt. Ltd.,Software Developer - Web Technologies,0-2 Yrs,Kanpur,"1,50,000 - 3,00,000 PA."
Dharani Info Technologies Pvt Ltd,Trainee Software Developer,0-1 Yrs,Guntur,"1,50,000 - 3,50,000 PA."
Psiborg Technologies Private Limited,Embedded Software Developer,0-2 Yrs,Noida,"2,50,000 - 4,50,000 PA."
Reliance Jio Infocomm Ltd.,Junior Software Developer,0-4 Yrs,Bangalore/Bengaluru,Not disclosed
Guru Daksha Consultancy and Services LLP,Team Lead Programming/ WEB Developer / Junior Software Developer,0-5 Yrs,Coimbatore,"2,50,000 - 7,00,000 PA."
Huquo Consulting Pvt. Ltd,Software Developer - Software Design Patterns,0-2 Yrs,Delhi,Not disclosed
"Qualcomm Technologies, Inc",Full stack Software Developer ,3-8 Yrs,Hyderabad/Secunderabad,Not disclosed
Magna Steyr,Software Developer,0-10 Yrs,Pune,Not disclosed
Infotech Financials Pvt. Ltd.,Vacancy For the post of Software Developer,0-2 Yrs,Mumbai (All Areas),"1,50,000 - 4,00,000 PA."
Bookyup.com Ltd,Urgent Vacancy For Software Developer,0-3 Yrs,Barrackpur,"1,50,000 - 3,00,000 PA."
Decisions BPM Services Pvt Ltd,Software Developer,0-3 Yrs,Mumbai,Not disclosed
ON Semiconductor Technology India Private Limited,"INTERN - Software Developer,Pan India",0-1 Yrs,Remote,Not disclosed
Unitres Business Solutions,Senior Software Engineer/Backend Developer- Microservices Architecture,4-9 Yrs,"Mumbai, Pune",Not disclosed
Siemens Limited,Senior Software Developer (C#.net),0-5 Yrs,Bangalore/Bengaluru,Not disclosed
Pinnacle Finserv Advisors Pvt. Ltd.,Software Developer - Web Technologies,0-2 Yrs,Kanpur,"1,50,000 - 3,00,000 PA."
Dharani Info Technologies Pvt Ltd,Trainee Software Developer,0-1 Yrs,Guntur,"1,50,000 - 3,50,000 PA."
Psiborg Technologies Private Limited,Embedded Software Developer,0-2 Yrs,Noida,"2,50,000 - 4,50,000 PA."
Reliance Jio Infocomm Ltd.,Junior Software Developer,0-4 Yrs,Bangalore/Bengaluru,Not disclosed
Guru Daksha Consultancy and Services LLP,Team Lead Programming/ WEB Developer / Junior Software Developer,0-5 Yrs,Coimbatore,"2,50,000 - 7,00,000 PA."
Huquo Consulting Pvt. Ltd,Software Developer - Software Design Patterns,0-2 Yrs,Delhi,Not disclosed
"Qualcomm Technologies, Inc",Full stack Software Developer ,3-8 Yrs,Hyderabad/Secunderabad,Not disclosed
Magna Steyr,Software Developer,0-10 Yrs,Pune,Not disclosed
Infotech Financials Pvt. Ltd.,Vacancy For the post of Software Developer,0-2 Yrs,Mumbai (All Areas),"1,50,000 - 4,00,000 PA."
Bookyup.com Ltd,Urgent Vacancy For Software Developer,0-3 Yrs,Barrackpur,"1,50,000 - 3,00,000 PA."
Decisions BPM Services Pvt Ltd,Software Developer,0-3 Yrs,Mumbai,Not disclosed
ON Semiconductor Technology India Private Limited,"INTERN - Software Developer,Pan India",0-1 Yrs,Remote,Not disclosed
Unitres Business Solutions,Senior Software Engineer/Backend Developer- Microservices Architecture,4-9 Yrs,"Mumbai, Pune",Not disclosed
Siemens Limited,Senior Software Developer (C#.net),0-5 Yrs,Bangalore/Bengaluru,Not disclosed
Pinnacle Finserv Advisors Pvt. Ltd.,Software Developer - Web Technologies,0-2 Yrs,Kanpur,"1,50,000 - 3,00,000 PA."
Dharani Info Technologies Pvt Ltd,Trainee Software Developer,0-1 Yrs,Guntur,"1,50,000 - 3,50,000 PA."
Psiborg Technologies Private Limited,Embedded Software Developer,0-2 Yrs,Noida,"2,50,000 - 4,50,000 PA."
Reliance Jio Infocomm Ltd.,Junior Software Developer,0-4 Yrs,Bangalore/Bengaluru,Not disclosed
Guru Daksha Consultancy and Services LLP,Team Lead Programming/ WEB Developer / Junior Software Developer,0-5 Yrs,Coimbatore,"2,50,000 - 7,00,000 PA."
Huquo Consulting Pvt. Ltd,Software Developer - Software Design Patterns,0-2 Yrs,Delhi,Not disclosed
"Qualcomm Technologies, Inc",Full stack Software Developer ,3-8 Yrs,Hyderabad/Secunderabad,Not disclosed
Magna Steyr,Software Developer,0-10 Yrs,Pune,Not disclosed
Infotech Financials Pvt. Ltd.,Vacancy For the post of Software Developer,0-2 Yrs,Mumbai (All Areas),"1,50,000 - 4,00,000 PA."
Bookyup.com Ltd,Urgent Vacancy For Software Developer,0-3 Yrs,Barrackpur,"1,50,000 - 3,00,000 PA."
Decisions BPM Services Pvt Ltd,Software Developer,0-3 Yrs,Mumbai,Not disclosed
ON Semiconductor Technology India Private Limited,"INTERN - Software Developer,Pan India",0-1 Yrs,Remote,Not disclosed
Unitres Business Solutions,Senior Software Engineer/Backend Developer- Microservices Architecture,4-9 Yrs,"Mumbai, Pune",Not disclosed
Siemens Limited,Senior Software Developer (C#.net),0-5 Yrs,Bangalore/Bengaluru,Not disclosed
Pinnacle Finserv Advisors Pvt. Ltd.,Software Developer - Web Technologies,0-2 Yrs,Kanpur,"1,50,000 - 3,00,000 PA."
Dharani Info Technologies Pvt Ltd,Trainee Software Developer,0-1 Yrs,Guntur,"1,50,000 - 3,50,000 PA."
Psiborg Technologies Private Limited,Embedded Software Developer,0-2 Yrs,Noida,"2,50,000 - 4,50,000 PA."
Reliance Jio Infocomm Ltd.,Junior Software Developer,0-4 Yrs,Bangalore/Bengaluru,Not disclosed
Guru Daksha Consultancy and Services LLP,Team Lead Programming/ WEB Developer / Junior Software Developer,0-5 Yrs,Coimbatore,"2,50,000 - 7,00,000 PA."
Huquo Consulting Pvt. Ltd,Software Developer - Software Design Patterns,0-2 Yrs,Delhi,Not disclosed
"Qualcomm Technologies, Inc",Full stack Software Developer ,3-8 Yrs,Hyderabad/Secunderabad,Not disclosed
Magna Steyr,Software Developer,0-10 Yrs,Pune,Not disclosed
Infotech Financials Pvt. Ltd.,Vacancy For the post of Software Developer,0-2 Yrs,Mumbai (All Areas),"1,50,000 - 4,00,000 PA."
Bookyup.com Ltd,Urgent Vacancy For Software Developer,0-3 Yrs,Barrackpur,"1,50,000 - 3,00,000 PA."
Decisions BPM Services Pvt Ltd,Software Developer,0-3 Yrs,Mumbai,Not disclosed
ON Semiconductor Technology India Private Limited,"INTERN - Software Developer,Pan India",0-1 Yrs,Remote,Not disclosed
Unitres Business Solutions,Senior Software Engineer/Backend Developer- Microservices Architecture,4-9 Yrs,"Mumbai, Pune",Not disclosed
Siemens Limited,Senior Software Developer (C#.net),0-5 Yrs,Bangalore/Bengaluru,Not disclosed
Pinnacle Finserv Advisors Pvt. Ltd.,Software Developer - Web Technologies,0-2 Yrs,Kanpur,"1,50,000 - 3,00,000 PA."
Dharani Info Technologies Pvt Ltd,Trainee Software Developer,0-1 Yrs,Guntur,"1,50,000 - 3,50,000 PA."
Psiborg Technologies Private Limited,Embedded Software Developer,0-2 Yrs,Noida,"2,50,000 - 4,50,000 PA."
Reliance Jio Infocomm Ltd.,Junior Software Developer,0-4 Yrs,Bangalore/Bengaluru,Not disclosed
Guru Daksha Consultancy and Services LLP,Team Lead Programming/ WEB Developer / Junior Software Developer,0-5 Yrs,Coimbatore,"2,50,000 - 7,00,000 PA."
Huquo Consulting Pvt. Ltd,Software Developer - Software Design Patterns,0-2 Yrs,Delhi,Not disclosed
"Qualcomm Technologies, Inc",Full stack Software Developer ,3-8 Yrs,Hyderabad/Secunderabad,Not disclosed
Magna Steyr,Software Developer,0-10 Yrs,Pune,Not disclosed
Infotech Financials Pvt. Ltd.,Vacancy For the post of Software Developer,0-2 Yrs,Mumbai (All Areas),"1,50,000 - 4,00,000 PA."
Bookyup.com Ltd,Urgent Vacancy For Software Developer,0-3 Yrs,Barrackpur,"1,50,000 - 3,00,000 PA."
Decisions BPM Services Pvt Ltd,Software Developer,0-3 Yrs,Mumbai,Not disclosed
ON Semiconductor Technology India Private Limited,"INTERN - Software Developer,Pan India",0-1 Yrs,Remote,Not disclosed
Unitres Business Solutions,Senior Software Engineer/Backend Developer- Microservices Architecture,4-9 Yrs,"Mumbai, Pune",Not disclosed
Siemens Limited,Senior Software Developer (C#.net),0-5 Yrs,Bangalore/Bengaluru,Not disclosed
Pinnacle Finserv Advisors Pvt. Ltd.,Software Developer - Web Technologies,0-2 Yrs,Kanpur,"1,50,000 - 3,00,000 PA."
Dharani Info Technologies Pvt Ltd,Trainee Software Developer,0-1 Yrs,Guntur,"1,50,000 - 3,50,000 PA."
Psiborg Technologies Private Limited,Embedded Software Developer,0-2 Yrs,Noida,"2,50,000 - 4,50,000 PA."
Reliance Jio Infocomm Ltd.,Junior Software Developer,0-4 Yrs,Bangalore/Bengaluru,Not disclosed
Guru Daksha Consultancy and Services LLP,Team Lead Programming/ WEB Developer / Junior Software Developer,0-5 Yrs,Coimbatore,"2,50,000 - 7,00,000 PA."
Huquo Consulting Pvt. Ltd,Software Developer - Software Design Patterns,0-2 Yrs,Delhi,Not disclosed
"Qualcomm Technologies, Inc",Full stack Software Developer ,3-8 Yrs,Hyderabad/Secunderabad,Not disclosed
Magna Steyr,Software Developer,0-10 Yrs,Pune,Not disclosed
Infotech Financials Pvt. Ltd.,Vacancy For the post of Software Developer,0-2 Yrs,Mumbai (All Areas),"1,50,000 - 4,00,000 PA."
Bookyup.com Ltd,Urgent Vacancy For Software Developer,0-3 Yrs,Barrackpur,"1,50,000 - 3,00,000 PA."
Decisions BPM Services Pvt Ltd,Software Developer,0-3 Yrs,Mumbai,Not disclosed
ON Semiconductor Technology India Private Limited,"INTERN - Software Developer,Pan India",0-1 Yrs,Remote,Not disclosed
Unitres Business Solutions,Senior Software Engineer/Backend Developer- Microservices Architecture,4-9 Yrs,"Mumbai, Pune",Not disclosed
Siemens Limited,Senior Software Developer (C#.net),0-5 Yrs,Bangalore/Bengaluru,Not disclosed
Pinnacle Finserv Advisors Pvt. Ltd.,Software Developer - Web Technologies,0-2 Yrs,Kanpur,"1,50,000 - 3,00,000 PA."
Dharani Info Technologies Pvt Ltd,Trainee Software Developer,0-1 Yrs,Guntur,"1,50,000 - 3,50,000 PA."
Psiborg Technologies Private Limited,Embedded Software Developer,0-2 Yrs,Noida,"2,50,000 - 4,50,000 PA."
Reliance Jio Infocomm Ltd.,Junior Software Developer,0-4 Yrs,Bangalore/Bengaluru,Not disclosed
Guru Daksha Consultancy and Services LLP,Team Lead Programming/ WEB Developer / Junior Software Developer,0-5 Yrs,Coimbatore,"2,50,000 - 7,00,000 PA."
Huquo Consulting Pvt. Ltd,Software Developer - Software Design Patterns,0-2 Yrs,Delhi,Not disclosed
"Qualcomm Technologies, Inc",Full stack Software Developer ,3-8 Yrs,Hyderabad/Secunderabad,Not disclosed
Magna Steyr,Software Developer,0-10 Yrs,Pune,Not disclosed
Infotech Financials Pvt. Ltd.,Vacancy For the post of Software Developer,0-2 Yrs,Mumbai (All Areas),"1,50,000 - 4,00,000 PA."
Bookyup.com Ltd,Urgent Vacancy For Software Developer,0-3 Yrs,Barrackpur,"1,50,000 - 3,00,000 PA."
Decisions BPM Services Pvt Ltd,Software Developer,0-3 Yrs,Mumbai,Not disclosed
ON Semiconductor Technology India Private Limited,"INTERN - Software Developer,Pan India",0-1 Yrs,Remote,Not disclosed
Unitres Business Solutions,Senior Software Engineer/Backend Developer- Microservices Architecture,4-9 Yrs,"Mumbai, Pune",Not disclosed
Siemens Limited,Senior Software Developer (C#.net),0-5 Yrs,Bangalore/Bengaluru,Not disclosed
Pinnacle Finserv Advisors Pvt. Ltd.,Software Developer - Web Technologies,0-2 Yrs,Kanpur,"1,50,000 - 3,00,000 PA."
Dharani Info Technologies Pvt Ltd,Trainee Software Developer,0-1 Yrs,Guntur,"1,50,000 - 3,50,000 PA."
Psiborg Technologies Private Limited,Embedded Software Developer,0-2 Yrs,Noida,"2,50,000 - 4,50,000 PA."
Reliance Jio Infocomm Ltd.,Junior Software Developer,0-4 Yrs,Bangalore/Bengaluru,Not disclosed
Guru Daksha Consultancy and Services LLP,Team Lead Programming/ WEB Developer / Junior Software Developer,0-5 Yrs,Coimbatore,"2,50,000 - 7,00,000 PA."
Huquo Consulting Pvt. Ltd,Software Developer - Software Design Patterns,0-2 Yrs,Delhi,Not disclosed
"Qualcomm Technologies, Inc",Full stack Software Developer ,3-8 Yrs,Hyderabad/Secunderabad,Not disclosed
Magna Steyr,Software Developer,0-10 Yrs,Pune,Not disclosed
Infotech Financials Pvt. Ltd.,Vacancy For the post of Software Developer,0-2 Yrs,Mumbai (All Areas),"1,50,000 - 4,00,000 PA."
Bookyup.com Ltd,Urgent Vacancy For Software Developer,0-3 Yrs,Barrackpur,"1,50,000 - 3,00,000 PA."
Decisions BPM Services Pvt Ltd,Software Developer,0-3 Yrs,Mumbai,Not disclosed
ON Semiconductor Technology India Private Limited,"INTERN - Software Developer,Pan India",0-1 Yrs,Remote,Not disclosed
Unitres Business Solutions,Senior Software Engineer/Backend Developer- Microservices Architecture,4-9 Yrs,"Mumbai, Pune",Not disclosed
Siemens Limited,Senior Software Developer (C#.net),0-5 Yrs,Bangalore/Bengaluru,Not disclosed
Pinnacle Finserv Advisors Pvt. Ltd.,Software Developer - Web Technologies,0-2 Yrs,Kanpur,"1,50,000 - 3,00,000 PA."
Dharani Info Technologies Pvt Ltd,Trainee Software Developer,0-1 Yrs,Guntur,"1,50,000 - 3,50,000 PA."
Psiborg Technologies Private Limited,Embedded Software Developer,0-2 Yrs,Noida,"2,50,000 - 4,50,000 PA."
Reliance Jio Infocomm Ltd.,Junior Software Developer,0-4 Yrs,Bangalore/Bengaluru,Not disclosed
Guru Daksha Consultancy and Services LLP,Team Lead Programming/ WEB Developer / Junior Software Developer,0-5 Yrs,Coimbatore,"2,50,000 - 7,00,000 PA."
Huquo Consulting Pvt. Ltd,Software Developer - Software Design Patterns,0-2 Yrs,Delhi,Not disclosed
"Qualcomm Technologies, Inc",Full stack Software Developer ,3-8 Yrs,Hyderabad/Secunderabad,Not disclosed
Magna Steyr,Software Developer,0-10 Yrs,Pune,Not disclosed
Infotech Financials Pvt. Ltd.,Vacancy For the post of Software Developer,0-2 Yrs,Mumbai (All Areas),"1,50,000 - 4,00,000 PA."
Bookyup.com Ltd,Urgent Vacancy For Software Developer,0-3 Yrs,Barrackpur,"1,50,000 - 3,00,000 PA."
Decisions BPM Services Pvt Ltd,Software Developer,0-3 Yrs,Mumbai,Not disclosed
ON Semiconductor Technology India Private Limited,"INTERN - Software Developer,Pan India",0-1 Yrs,Remote,Not disclosed
Unitres Business Solutions,Senior Software Engineer/Backend Developer- Microservices Architecture,4-9 Yrs,"Mumbai, Pune",Not disclosed
Siemens Limited,Senior Software Developer (C#.net),0-5 Yrs,Bangalore/Bengaluru,Not disclosed
Pinnacle Finserv Advisors Pvt. Ltd.,Software Developer - Web Technologies,0-2 Yrs,Kanpur,"1,50,000 - 3,00,000 PA."
Dharani Info Technologies Pvt Ltd,Trainee Software Developer,0-1 Yrs,Guntur,"1,50,000 - 3,50,000 PA."
Psiborg Technologies Private Limited,Embedded Software Developer,0-2 Yrs,Noida,"2,50,000 - 4,50,000 PA."
Reliance Jio Infocomm Ltd.,Junior Software Developer,0-4 Yrs,Bangalore/Bengaluru,Not disclosed
Guru Daksha Consultancy and Services LLP,Team Lead Programming/ WEB Developer / Junior Software Developer,0-5 Yrs,Coimbatore,"2,50,000 - 7,00,000 PA."
Huquo Consulting Pvt. Ltd,Software Developer - Software Design Patterns,0-2 Yrs,Delhi,Not disclosed
"Qualcomm Technologies, Inc",Full stack Software Developer ,3-8 Yrs,Hyderabad/Secunderabad,Not disclosed
Magna Steyr,Software Developer,0-10 Yrs,Pune,Not disclosed
Infotech Financials Pvt. Ltd.,Vacancy For the post of Software Developer,0-2 Yrs,Mumbai (All Areas),"1,50,000 - 4,00,000 PA."
Bookyup.com Ltd,Urgent Vacancy For Software Developer,0-3 Yrs,Barrackpur,"1,50,000 - 3,00,000 PA."
Decisions BPM Services Pvt Ltd,Software Developer,0-3 Yrs,Mumbai,Not disclosed
ON Semiconductor Technology India Private Limited,"INTERN - Software Developer,Pan India",0-1 Yrs,Remote,Not disclosed
Unitres Business Solutions,Senior Software Engineer/Backend Developer- Microservices Architecture,4-9 Yrs,"Mumbai, Pune",Not disclosed
Siemens Limited,Senior Software Developer (C#.net),0-5 Yrs,Bangalore/Bengaluru,Not disclosed
Pinnacle Finserv Advisors Pvt. Ltd.,Software Developer - Web Technologies,0-2 Yrs,Kanpur,"1,50,000 - 3,00,000 PA."
Dharani Info Technologies Pvt Ltd,Trainee Software Developer,0-1 Yrs,Guntur,"1,50,000 - 3,50,000 PA."
Psiborg Technologies Private Limited,Embedded Software Developer,0-2 Yrs,Noida,"2,50,000 - 4,50,000 PA."
Reliance Jio Infocomm Ltd.,Junior Software Developer,0-4 Yrs,Bangalore/Bengaluru,Not disclosed
Guru Daksha Consultancy and Services LLP,Team Lead Programming/ WEB Developer / Junior Software Developer,0-5 Yrs,Coimbatore,"2,50,000 - 7,00,000 PA."
Huquo Consulting Pvt. Ltd,Software Developer - Software Design Patterns,0-2 Yrs,Delhi,Not disclosed
"Qualcomm Technologies, Inc",Full stack Software Developer ,3-8 Yrs,Hyderabad/Secunderabad,Not disclosed
Magna Steyr,Software Developer,0-10 Yrs,Pune,Not disclosed
Infotech Financials Pvt. Ltd.,Vacancy For the post of Software Developer,0-2 Yrs,Mumbai (All Areas),"1,50,000 - 4,00,000 PA."
Bookyup.com Ltd,Urgent Vacancy For Software Developer,0-3 Yrs,Barrackpur,"1,50,000 - 3,00,000 PA."
Decisions BPM Services Pvt Ltd,Software Developer,0-3 Yrs,Mumbai,Not disclosed
ON Semiconductor Technology India Private Limited,"INTERN - Software Developer,Pan India",0-1 Yrs,Remote,Not disclosed
Unitres Business Solutions,Senior Software Engineer/Backend Developer- Microservices Architecture,4-9 Yrs,"Mumbai, Pune",Not disclosed
Siemens Limited,Senior Software Developer (C#.net),0-5 Yrs,Bangalore/Bengaluru,Not disclosed
Pinnacle Finserv Advisors Pvt. Ltd.,Software Developer - Web Technologies,0-2 Yrs,Kanpur,"1,50,000 - 3,00,000 PA."
Dharani Info Technologies Pvt Ltd,Trainee Software Developer,0-1 Yrs,Guntur,"1,50,000 - 3,50,000 PA."
Psiborg Technologies Private Limited,Embedded Software Developer,0-2 Yrs,Noida,"2,50,000 - 4,50,000 PA."
Reliance Jio Infocomm Ltd.,Junior Software Developer,0-4 Yrs,Bangalore/Bengaluru,Not disclosed
Guru Daksha Consultancy and Services LLP,Team Lead Programming/ WEB Developer / Junior Software Developer,0-5 Yrs,Coimbatore,"2,50,000 - 7,00,000 PA."
Huquo Consulting Pvt. Ltd,Software Developer - Software Design Patterns,0-2 Yrs,Delhi,Not disclosed
"Qualcomm Technologies, Inc",Full stack Software Developer ,3-8 Yrs,Hyderabad/Secunderabad,Not disclosed
Magna Steyr,Software Developer,0-10 Yrs,Pune,Not disclosed
Infotech Financials Pvt. Ltd.,Vacancy For the post of Software Developer,0-2 Yrs,Mumbai (All Areas),"1,50,000 - 4,00,000 PA."
Bookyup.com Ltd,Urgent Vacancy For Software Developer,0-3 Yrs,Barrackpur,"1,50,000 - 3,00,000 PA."
Decisions BPM Services Pvt Ltd,Software Developer,0-3 Yrs,Mumbai,Not disclosed
ON Semiconductor Technology India Private Limited,"INTERN - Software Developer,Pan India",0-1 Yrs,Remote,Not disclosed
Unitres Business Solutions,Senior Software Engineer/Backend Developer- Microservices Architecture,4-9 Yrs,"Mumbai, Pune",Not disclosed
Siemens Limited,Senior Software Developer (C#.net),0-5 Yrs,Bangalore/Bengaluru,Not disclosed
Pinnacle Finserv Advisors Pvt. Ltd.,Software Developer - Web Technologies,0-2 Yrs,Kanpur,"1,50,000 - 3,00,000 PA."
Dharani Info Technologies Pvt Ltd,Trainee Software Developer,0-1 Yrs,Guntur,"1,50,000 - 3,50,000 PA."
Psiborg Technologies Private Limited,Embedded Software Developer,0-2 Yrs,Noida,"2,50,000 - 4,50,000 PA."
Reliance Jio Infocomm Ltd.,Junior Software Developer,0-4 Yrs,Bangalore/Bengaluru,Not disclosed
Guru Daksha Consultancy and Services LLP,Team Lead Programming/ WEB Developer / Junior Software Developer,0-5 Yrs,Coimbatore,"2,50,000 - 7,00,000 PA."
Huquo Consulting Pvt. Ltd,Software Developer - Software Design Patterns,0-2 Yrs,Delhi,Not disclosed
"Qualcomm Technologies, Inc",Full stack Software Developer ,3-8 Yrs,Hyderabad/Secunderabad,Not disclosed
Magna Steyr,Software Developer,0-10 Yrs,Pune,Not disclosed
Infotech Financials Pvt. Ltd.,Vacancy For the post of Software Developer,0-2 Yrs,Mumbai (All Areas),"1,50,000 - 4,00,000 PA."
Bookyup.com Ltd,Urgent Vacancy For Software Developer,0-3 Yrs,Barrackpur,"1,50,000 - 3,00,000 PA."
Decisions BPM Services Pvt Ltd,Software Developer,0-3 Yrs,Mumbai,Not disclosed
ON Semiconductor Technology India Private Limited,"INTERN - Software Developer,Pan India",0-1 Yrs,Remote,Not disclosed
Unitres Business Solutions,Senior Software Engineer/Backend Developer- Microservices Architecture,4-9 Yrs,"Mumbai, Pune",Not disclosed
